use mydb;
INSERT INTO `MedioDePago` (`nombreMedioDePago`) VALUES ('Credito');
INSERT INTO `MedioDePago` (`nombreMedioDePago`) VALUES ('Debito');
INSERT INTO `MedioDePago` (`nombreMedioDePago`) VALUES ('Transferencia');
INSERT INTO `MedioDePago` (`nombreMedioDePago`) VALUES ('Nota de pago');


INSERT INTO `Cliente` (`idCliente`, `nombre`, `apellido`, `foto`, `domicilioFact`, `nombreMedioDePago`) VALUES (0, 'Lennie', 'Toy', 'http://lorempixel.com/640/480/', '2749 Lela Curve\nNorth Micahmouth, KY 42937', 'Credito');
INSERT INTO `Cliente` (`idCliente`, `nombre`, `apellido`, `foto`, `domicilioFact`, `nombreMedioDePago`) VALUES (1, 'Jalyn', 'Dibbert', 'http://lorempixel.com/640/480/', '04156 Aufderhar Valleys\nWest Sidneyborough, O', 'Credito');
INSERT INTO `Cliente` (`idCliente`, `nombre`, `apellido`, `foto`, `domicilioFact`, `nombreMedioDePago`) VALUES (2, 'Felicia', 'OConnell', 'http://lorempixel.com/640/480/', '6917 Feil Shore\nBartolettichester, MA 74286', 'Debito');
INSERT INTO `Cliente` (`idCliente`, `nombre`, `apellido`, `foto`, `domicilioFact`, `nombreMedioDePago`) VALUES (3, 'Janet', 'Beer', 'http://lorempixel.com/640/480/', '88724 Luella Court Suite 578\nSouth Cora, SD 5', 'Transferencia');
INSERT INTO `Cliente` (`idCliente`, `nombre`, `apellido`, `foto`, `domicilioFact`, `nombreMedioDePago`) VALUES (4, 'Annabelle', 'Kunde', 'http://lorempixel.com/640/480/', '719 Kory Causeway Suite 783\nAlisafort, OK 768', 'Transferencia');
INSERT INTO `Cliente` (`idCliente`, `nombre`, `apellido`, `foto`, `domicilioFact`, `nombreMedioDePago`) VALUES (5, 'Mittie', 'Kirlin', 'http://lorempixel.com/640/480/', '263 Will Street Suite 018\nWest Jaydontown, AR', 'Credito');
INSERT INTO `Cliente` (`idCliente`, `nombre`, `apellido`, `foto`, `domicilioFact`, `nombreMedioDePago`) VALUES (6, 'Roman', 'Wilkinson', 'http://lorempixel.com/640/480/', '174 Giovani Overpass\nNew Bonnie, NH 74590-463', 'Transferencia');
INSERT INTO `Cliente` (`idCliente`, `nombre`, `apellido`, `foto`, `domicilioFact`, `nombreMedioDePago`) VALUES (7, 'Rhianna', 'Lynch', 'http://lorempixel.com/640/480/', '5604 Waters Road Apt. 232\nEast Jovany, MS 067', 'Transferencia');
INSERT INTO `Cliente` (`idCliente`, `nombre`, `apellido`, `foto`, `domicilioFact`, `nombreMedioDePago`) VALUES (8, 'Archibald', 'Moen', 'http://lorempixel.com/640/480/', '540 Huel Fords\nNorth Benniemouth, MD 74463-40', 'Debito');
INSERT INTO `Cliente` (`idCliente`, `nombre`, `apellido`, `foto`, `domicilioFact`, `nombreMedioDePago`) VALUES (9, 'Angela', 'Mertz', 'http://lorempixel.com/640/480/', '4469 Robin Crossing Suite 103\nMichelleberg, N', 'Credito');


INSERT INTO `Categoria` (`nombreCategoria`, `x`, `y`) VALUES ('Silver', 0, 0);
INSERT INTO `Categoria` (`nombreCategoria`, `x`, `y`) VALUES ('Gold', 10000, 1000);
INSERT INTO `Categoria` (`nombreCategoria`, `x`, `y`) VALUES ('Black', 100000, 10000);
INSERT INTO `Categoria` (`nombreCategoria`, `x`, `y`) VALUES ('Diamond', 500000, 50000);


INSERT INTO `Empresa` (`idEmpresa`, `cuit`, `razonSocial`, `pais`, `direccion`, `provincia/Estado`) VALUES (0, '2147649760', 'Gutkowski PLC', 'Monaco', '81215 Powlowski Lodge\nRutherfordmouth, IN 209', 'Konopelskishire');
INSERT INTO `Empresa` (`idEmpresa`, `cuit`, `razonSocial`, `pais`, `direccion`, `provincia/Estado`) VALUES (1, '9247483641', 'Gorczany-Morissette', 'Benin', '6846 Howell Ridge\nNorth Molly, DE 62757', 'Lake Katarinafort');
INSERT INTO `Empresa` (`idEmpresa`, `cuit`, `razonSocial`, `pais`, `direccion`, `provincia/Estado`) VALUES (2, '8147483642', 'Goldner, Bosco and Becker', 'Morocco', '5270 Pacocha Flat Suite 657\nWhitemouth, CT 23', 'Shawnbury');
INSERT INTO `Empresa` (`idEmpresa`, `cuit`, `razonSocial`, `pais`, `direccion`, `provincia/Estado`) VALUES (3, '7547483993', 'Nolan LLC', 'Malaysia', '15047 Rolfson Groves\nSouth Abigale, CO 84890', 'Juwanborough');
INSERT INTO `Empresa` (`idEmpresa`, `cuit`, `razonSocial`, `pais`, `direccion`, `provincia/Estado`) VALUES (4, '6647233644', 'Bosco Inc', 'Netherlands Antilles', '4981 Neil Spur\nNew Stephania, UT 16755', 'East Otho');
INSERT INTO `Empresa` (`idEmpresa`, `cuit`, `razonSocial`, `pais`, `direccion`, `provincia/Estado`) VALUES (5, '5947483645', 'Harber and Sons', 'Trinidad and Tobago', '6660 Haag Avenue Apt. 438\nCamrontown, SC 9325', 'Bradtkebury');
INSERT INTO `Empresa` (`idEmpresa`, `cuit`, `razonSocial`, `pais`, `direccion`, `provincia/Estado`) VALUES (6, '4947343646', 'Bauch LLC', 'New Zealand', '3418 Tianna Track\nGreenborough, CT 11596', 'North Emmanuelle');
INSERT INTO `Empresa` (`idEmpresa`, `cuit`, `razonSocial`, `pais`, `direccion`, `provincia/Estado`) VALUES (7, '3147483647', 'Keeling-Blanda', 'Saint Barthelemy', '15781 Weimann Spring Suite 135\nNew Buddytown,', 'North Arthurview');
INSERT INTO `Empresa` (`idEmpresa`, `cuit`, `razonSocial`, `pais`, `direccion`, `provincia/Estado`) VALUES (8, '2147543648', 'Schroeder, Gottlieb and Sawayn', 'Azerbaijan', '3611 Gutmann Mission\nWillardfort, OH 29198', 'Lake Gilda');
INSERT INTO `Empresa` (`idEmpresa`, `cuit`, `razonSocial`, `pais`, `direccion`, `provincia/Estado`) VALUES (9, '1247483649', 'Keeling-Johns', 'Congo', '16164 Rogelio Loop\nBodeshire, CT 31885-4620', 'New Cortney');




INSERT INTO `Parque` (`idParque`, `nombre`, `ubicacion`) VALUES (0, 'Discovery Cove', '810 Reinger Fields Apt. 314\nWaelchifort, ID 8');
INSERT INTO `Parque` (`idParque`, `nombre`, `ubicacion`) VALUES (1, 'Europa Park', '31316 Ebert Shoals Suite 429\nEast Willbury, N');
INSERT INTO `Parque` (`idParque`, `nombre`, `ubicacion`) VALUES (2, 'Islands of Adventure de Universal', '728 Krajcik Drive\nWest Cullenborough, NV 5365');
INSERT INTO `Parque` (`idParque`, `nombre`, `ubicacion`) VALUES (3, 'Magic Kingdom', '4695 Kilback Walks\nDanielchester, RI 44407-55');
INSERT INTO `Parque` (`idParque`, `nombre`, `ubicacion`) VALUES (4, 'Hollywood Studios ', '0138 Hilll Flat Suite 052\nEast Coreneside, MA');
INSERT INTO `Parque` (`idParque`, `nombre`, `ubicacion`) VALUES (5, 'Beto Carrero World, Bartoletti and Schulist', '51475 Fisher Dale\nEdwinaton, ND 68899-7022');
INSERT INTO `Parque` (`idParque`, `nombre`, `ubicacion`) VALUES (6, 'Disneyland Park', '833 Hammes Parkways\nLake Lonie, MD 04804-9820');
INSERT INTO `Parque` (`idParque`, `nombre`, `ubicacion`) VALUES (7, 'Tokio Disneyland', '0924 Lind Underpass\nBrennamouth, WV 17355');
INSERT INTO `Parque` (`idParque`, `nombre`, `ubicacion`) VALUES (8, 'Ocean Park', '1722 Lang Port Suite 334\nNorth Carleton, SD 8');
INSERT INTO `Parque` (`idParque`, `nombre`, `ubicacion`) VALUES (9, 'Everland', '1349 Fannie Inlet\nPacochatown, NY 64374');



INSERT INTO `Producto` (`idProducto`, `nombre`, `tipoProducto`) VALUES (0, 'Tiro al pato', 'evento');
INSERT INTO `Producto` (`idProducto`, `nombre`, `tipoProducto`) VALUES (1, 'Corrida de toros', 'evento');
INSERT INTO `Producto` (`idProducto`, `nombre`, `tipoProducto`) VALUES (4, 'A単o nuevo', 'evento');
INSERT INTO `Producto` (`idProducto`, `nombre`, `tipoProducto`) VALUES (5, 'Fugiat ea dolores.', 'evento');
INSERT INTO `Producto` (`idProducto`, `nombre`, `tipoProducto`) VALUES (7, 'Piquete Au Illia', 'evento');
INSERT INTO `Producto` (`idProducto`, `nombre`, `tipoProducto`) VALUES (9, 'Quo non nemo.', 'evento');
INSERT INTO `Producto` (`idProducto`, `nombre`, `tipoProducto`) VALUES (10, 'Fiesta de colores', 'evento');
INSERT INTO `Producto` (`idProducto`, `nombre`, `tipoProducto`) VALUES (11, 'Haraiquiri', 'evento');
INSERT INTO `Producto` (`idProducto`, `nombre`, `tipoProducto`) VALUES (12, 'Concierto de AC/DC', 'evento');
INSERT INTO `Producto` (`idProducto`, `nombre`, `tipoProducto`) VALUES (13, 'Caida del muro', 'evento');
INSERT INTO `Producto` (`idProducto`, `nombre`, `tipoProducto`) VALUES (14, 'Golpe de estado', 'evento');
INSERT INTO `Producto` (`idProducto`, `nombre`, `tipoProducto`) VALUES (15, 'Busqueda de Nemo', 'evento');

INSERT INTO `Producto` (`idProducto`, `nombre`, `tipoProducto`) VALUES (2, 'Monta単a rusa Muerte Ambulante', 'atraccion');
INSERT INTO `Producto` (`idProducto`, `nombre`, `tipoProducto`) VALUES (3, 'Enim non.', 'atraccion');
INSERT INTO `Producto` (`idProducto`, `nombre`, `tipoProducto`) VALUES (6, 'Bola de estambre', 'atraccion');
INSERT INTO `Producto` (`idProducto`, `nombre`, `tipoProducto`) VALUES (8, 'Accusantium accusantium facilis.', 'atraccion');
INSERT INTO `Producto` (`idProducto`, `nombre`, `tipoProducto`) VALUES (16, 'Subterraneo cretasico', 'atraccion');
INSERT INTO `Producto` (`idProducto`, `nombre`, `tipoProducto`) VALUES (17, 'Carpe Diem', 'atraccion');
INSERT INTO `Producto` (`idProducto`, `nombre`, `tipoProducto`) VALUES (18, 'Politico No Corrupto', 'atraccion');
INSERT INTO `Producto` (`idProducto`, `nombre`, `tipoProducto`) VALUES (19, 'Monta単a de agua', 'atraccion');
INSERT INTO `Producto` (`idProducto`, `nombre`, `tipoProducto`) VALUES (20, 'Super Mega Titanium', 'atraccion');
INSERT INTO `Producto` (`idProducto`, `nombre`, `tipoProducto`) VALUES (21, 'Monta単a escandinava', 'atraccion');
INSERT INTO `Producto` (`idProducto`, `nombre`, `tipoProducto`) VALUES (22, 'Llanura de la muerte', 'atraccion');
INSERT INTO `Producto` (`idProducto`, `nombre`, `tipoProducto`) VALUES (23, 'Barco pirata', 'atraccion');

INSERT INTO `Evento` (`idProducto`, `fechaDesde`,`fechaHasta`, `idEmpresa`) VALUES (0, '2017-01-01', '2017-03-01',0);
INSERT INTO `Evento` (`idProducto`, `fechaDesde`,`fechaHasta`, `idEmpresa`) VALUES (1, '2017-02-01', '2017-04-01',1);
INSERT INTO `Evento` (`idProducto`, `fechaDesde`,`fechaHasta`, `idEmpresa`) VALUES (4, '2017-02-01', '2017-06-01',2);
INSERT INTO `Evento` (`idProducto`, `fechaDesde`,`fechaHasta`, `idEmpresa`) VALUES (5, '2018-03-01', '2018-07-01',3);
INSERT INTO `Evento` (`idProducto`, `fechaDesde`,`fechaHasta`, `idEmpresa`) VALUES (7, '2017-04-01', '2017-05-01',4);
INSERT INTO `Evento` (`idProducto`, `fechaDesde`,`fechaHasta`, `idEmpresa`) VALUES (9, '2017-05-01', '2017-09-01',5);
INSERT INTO `Evento` (`idProducto`, `fechaDesde`,`fechaHasta`, `idEmpresa`) VALUES (10, '2017-01-01', '2017-03-01',0);
INSERT INTO `Evento` (`idProducto`, `fechaDesde`,`fechaHasta`, `idEmpresa`) VALUES (11, '2017-02-01', '2017-04-01',0);
INSERT INTO `Evento` (`idProducto`, `fechaDesde`,`fechaHasta`, `idEmpresa`) VALUES (12, '2017-02-01', '2017-06-01',2);
INSERT INTO `Evento` (`idProducto`, `fechaDesde`,`fechaHasta`, `idEmpresa`) VALUES (13, '2018-03-01', '2018-07-01',2);
INSERT INTO `Evento` (`idProducto`, `fechaDesde`,`fechaHasta`, `idEmpresa`) VALUES (14, '2017-04-01', '2017-05-01',4);
INSERT INTO `Evento` (`idProducto`, `fechaDesde`,`fechaHasta`, `idEmpresa`) VALUES (15, '2017-05-01', '2017-09-01',9);

INSERT INTO `Atraccion` (`idProducto`, `idParque`,`edadDesde`, `edadHasta`) VALUES (2, 0, 1,19);
INSERT INTO `Atraccion` (`idProducto`, `idParque`,`edadDesde`, `edadHasta`) VALUES (3, 1, 2,49);
INSERT INTO `Atraccion` (`idProducto`, `idParque`,`edadDesde`, `edadHasta`) VALUES (6, 2, 3,49);
INSERT INTO `Atraccion` (`idProducto`, `idParque`,`edadDesde`, `edadHasta`) VALUES (8, 3, 4,59);
INSERT INTO `Atraccion` (`idProducto`, `idParque`,`edadDesde`, `edadHasta`) VALUES (16, 4, 5,69);
INSERT INTO `Atraccion` (`idProducto`, `idParque`,`edadDesde`, `edadHasta`) VALUES (17, 5, 5,69);
INSERT INTO `Atraccion` (`idProducto`, `idParque`,`edadDesde`, `edadHasta`) VALUES (18, 6, 7,79);
INSERT INTO `Atraccion` (`idProducto`, `idParque`,`edadDesde`, `edadHasta`) VALUES (19, 6, 7,79);
INSERT INTO `Atraccion` (`idProducto`, `idParque`,`edadDesde`, `edadHasta`) VALUES (20, 6, 7,59);
INSERT INTO `Atraccion` (`idProducto`, `idParque`,`edadDesde`, `edadHasta`) VALUES (21, 0, 8,49);
INSERT INTO `Atraccion` (`idProducto`, `idParque`,`edadDesde`, `edadHasta`) VALUES (22, 0, 8,69);
INSERT INTO `Atraccion` (`idProducto`, `idParque`,`edadDesde`, `edadHasta`) VALUES (23, 0, 8,69);

REPLACE INTO `Precio` (`idProducto`, `diaSemana`, `valor`) VALUES (0, 'D', 100);
REPLACE INTO `Precio` (`idProducto`, `diaSemana`, `valor`) VALUES (0, 'L', 45);
REPLACE INTO `Precio` (`idProducto`, `diaSemana`, `valor`) VALUES (0, 'M', 45);
REPLACE INTO `Precio` (`idProducto`, `diaSemana`, `valor`) VALUES (0, 'X', 50);
REPLACE INTO `Precio` (`idProducto`, `diaSemana`, `valor`) VALUES (0, 'J', 45);
REPLACE INTO `Precio` (`idProducto`, `diaSemana`, `valor`) VALUES (0, 'V', 45);
REPLACE INTO `Precio` (`idProducto`, `diaSemana`, `valor`) VALUES (0, 'S', 200);
REPLACE INTO `Precio` (`idProducto`, `diaSemana`, `valor`) VALUES (1, 'D', 52);
REPLACE INTO `Precio` (`idProducto`, `diaSemana`, `valor`) VALUES (1, 'L', 45);
REPLACE INTO `Precio` (`idProducto`, `diaSemana`, `valor`) VALUES (1, 'V', 45);
REPLACE INTO `Precio` (`idProducto`, `diaSemana`, `valor`) VALUES (1, 'S', 66);
REPLACE INTO `Precio` (`idProducto`, `diaSemana`, `valor`) VALUES (2, 'M', 10);
REPLACE INTO `Precio` (`idProducto`, `diaSemana`, `valor`) VALUES (2, 'X', 10);
REPLACE INTO `Precio` (`idProducto`, `diaSemana`, `valor`) VALUES (2, 'J', 10);
REPLACE INTO `Precio` (`idProducto`, `diaSemana`, `valor`) VALUES (2, 'V', 10);
REPLACE INTO `Precio` (`idProducto`, `diaSemana`, `valor`) VALUES (2, 'S', 10);
REPLACE INTO `Precio` (`idProducto`, `diaSemana`, `valor`) VALUES (3, 'D', 100);
REPLACE INTO `Precio` (`idProducto`, `diaSemana`, `valor`) VALUES (3, 'L', 100);
REPLACE INTO `Precio` (`idProducto`, `diaSemana`, `valor`) VALUES (3, 'M', 100);
REPLACE INTO `Precio` (`idProducto`, `diaSemana`, `valor`) VALUES (3, 'X', 100);
REPLACE INTO `Precio` (`idProducto`, `diaSemana`, `valor`) VALUES (3, 'J', 100);
REPLACE INTO `Precio` (`idProducto`, `diaSemana`, `valor`) VALUES (3, 'V', 100);
REPLACE INTO `Precio` (`idProducto`, `diaSemana`, `valor`) VALUES (3, 'S', 200);
REPLACE INTO `Precio` (`idProducto`, `diaSemana`, `valor`) VALUES (4, 'D', 5);
REPLACE INTO `Precio` (`idProducto`, `diaSemana`, `valor`) VALUES (4, 'L', 5);
REPLACE INTO `Precio` (`idProducto`, `diaSemana`, `valor`) VALUES (4, 'J', 4);
REPLACE INTO `Precio` (`idProducto`, `diaSemana`, `valor`) VALUES (4, 'V', 7);
REPLACE INTO `Precio` (`idProducto`, `diaSemana`, `valor`) VALUES (4, 'S', 10);
REPLACE INTO `Precio` (`idProducto`, `diaSemana`, `valor`) VALUES (5, 'D', 1);
REPLACE INTO `Precio` (`idProducto`, `diaSemana`, `valor`) VALUES (5, 'L', 2);
REPLACE INTO `Precio` (`idProducto`, `diaSemana`, `valor`) VALUES (5, 'M', 3);
REPLACE INTO `Precio` (`idProducto`, `diaSemana`, `valor`) VALUES (5, 'X', 4);
REPLACE INTO `Precio` (`idProducto`, `diaSemana`, `valor`) VALUES (5, 'J', 5);
REPLACE INTO `Precio` (`idProducto`, `diaSemana`, `valor`) VALUES (5, 'V', 6);
REPLACE INTO `Precio` (`idProducto`, `diaSemana`, `valor`) VALUES (5, 'S', 7);
REPLACE INTO `Precio` (`idProducto`, `diaSemana`, `valor`) VALUES (6, 'D', 11);
REPLACE INTO `Precio` (`idProducto`, `diaSemana`, `valor`) VALUES (6, 'L', 21);
REPLACE INTO `Precio` (`idProducto`, `diaSemana`, `valor`) VALUES (6, 'M', 31);
REPLACE INTO `Precio` (`idProducto`, `diaSemana`, `valor`) VALUES (6, 'X', 41);
REPLACE INTO `Precio` (`idProducto`, `diaSemana`, `valor`) VALUES (6, 'J', 51);
REPLACE INTO `Precio` (`idProducto`, `diaSemana`, `valor`) VALUES (6, 'V', 61);
REPLACE INTO `Precio` (`idProducto`, `diaSemana`, `valor`) VALUES (6, 'S', 71);
REPLACE INTO `Precio` (`idProducto`, `diaSemana`, `valor`) VALUES (7, 'D', 100);
REPLACE INTO `Precio` (`idProducto`, `diaSemana`, `valor`) VALUES (7, 'L', 45);
REPLACE INTO `Precio` (`idProducto`, `diaSemana`, `valor`) VALUES (7, 'M', 45);
REPLACE INTO `Precio` (`idProducto`, `diaSemana`, `valor`) VALUES (7, 'X', 50);
REPLACE INTO `Precio` (`idProducto`, `diaSemana`, `valor`) VALUES (7, 'J', 45);
REPLACE INTO `Precio` (`idProducto`, `diaSemana`, `valor`) VALUES (7, 'V', 45);
REPLACE INTO `Precio` (`idProducto`, `diaSemana`, `valor`) VALUES (7, 'S', 200);
REPLACE INTO `Precio` (`idProducto`, `diaSemana`, `valor`) VALUES (8, 'D', 52);
REPLACE INTO `Precio` (`idProducto`, `diaSemana`, `valor`) VALUES (8, 'L', 45);
REPLACE INTO `Precio` (`idProducto`, `diaSemana`, `valor`) VALUES (8, 'V', 45);
REPLACE INTO `Precio` (`idProducto`, `diaSemana`, `valor`) VALUES (8, 'S', 66);
REPLACE INTO `Precio` (`idProducto`, `diaSemana`, `valor`) VALUES (9, 'M', 10);
REPLACE INTO `Precio` (`idProducto`, `diaSemana`, `valor`) VALUES (9, 'X', 10);
REPLACE INTO `Precio` (`idProducto`, `diaSemana`, `valor`) VALUES (9, 'J', 10);
REPLACE INTO `Precio` (`idProducto`, `diaSemana`, `valor`) VALUES (9, 'V', 10);
REPLACE INTO `Precio` (`idProducto`, `diaSemana`, `valor`) VALUES (9, 'S', 10);
REPLACE INTO `Precio` (`idProducto`, `diaSemana`, `valor`) VALUES (10, 'D', 100);
REPLACE INTO `Precio` (`idProducto`, `diaSemana`, `valor`) VALUES (10, 'L', 100);
REPLACE INTO `Precio` (`idProducto`, `diaSemana`, `valor`) VALUES (10, 'M', 100);
REPLACE INTO `Precio` (`idProducto`, `diaSemana`, `valor`) VALUES (10, 'X', 100);
REPLACE INTO `Precio` (`idProducto`, `diaSemana`, `valor`) VALUES (10, 'J', 100);
REPLACE INTO `Precio` (`idProducto`, `diaSemana`, `valor`) VALUES (10, 'V', 100);
REPLACE INTO `Precio` (`idProducto`, `diaSemana`, `valor`) VALUES (10, 'S', 200);
REPLACE INTO `Precio` (`idProducto`, `diaSemana`, `valor`) VALUES (11, 'D', 5);
REPLACE INTO `Precio` (`idProducto`, `diaSemana`, `valor`) VALUES (11, 'L', 5);
REPLACE INTO `Precio` (`idProducto`, `diaSemana`, `valor`) VALUES (11, 'J', 4);
REPLACE INTO `Precio` (`idProducto`, `diaSemana`, `valor`) VALUES (11, 'V', 7);
REPLACE INTO `Precio` (`idProducto`, `diaSemana`, `valor`) VALUES (11, 'S', 10);
REPLACE INTO `Precio` (`idProducto`, `diaSemana`, `valor`) VALUES (12, 'D', 1);
REPLACE INTO `Precio` (`idProducto`, `diaSemana`, `valor`) VALUES (12, 'L', 2);
REPLACE INTO `Precio` (`idProducto`, `diaSemana`, `valor`) VALUES (12, 'M', 3);
REPLACE INTO `Precio` (`idProducto`, `diaSemana`, `valor`) VALUES (12, 'X', 4);
REPLACE INTO `Precio` (`idProducto`, `diaSemana`, `valor`) VALUES (12, 'J', 5);
REPLACE INTO `Precio` (`idProducto`, `diaSemana`, `valor`) VALUES (12, 'V', 6);
REPLACE INTO `Precio` (`idProducto`, `diaSemana`, `valor`) VALUES (12, 'S', 7);
REPLACE INTO `Precio` (`idProducto`, `diaSemana`, `valor`) VALUES (13, 'D', 11);
REPLACE INTO `Precio` (`idProducto`, `diaSemana`, `valor`) VALUES (13, 'L', 21);
REPLACE INTO `Precio` (`idProducto`, `diaSemana`, `valor`) VALUES (13, 'M', 31);
REPLACE INTO `Precio` (`idProducto`, `diaSemana`, `valor`) VALUES (13, 'X', 41);
REPLACE INTO `Precio` (`idProducto`, `diaSemana`, `valor`) VALUES (13, 'J', 51);
REPLACE INTO `Precio` (`idProducto`, `diaSemana`, `valor`) VALUES (13, 'V', 61);
REPLACE INTO `Precio` (`idProducto`, `diaSemana`, `valor`) VALUES (13, 'S', 71);
REPLACE INTO `Precio` (`idProducto`, `diaSemana`, `valor`) VALUES (14, 'D', 5);
REPLACE INTO `Precio` (`idProducto`, `diaSemana`, `valor`) VALUES (14, 'L', 5);
REPLACE INTO `Precio` (`idProducto`, `diaSemana`, `valor`) VALUES (14, 'J', 4);
REPLACE INTO `Precio` (`idProducto`, `diaSemana`, `valor`) VALUES (14, 'V', 7);
REPLACE INTO `Precio` (`idProducto`, `diaSemana`, `valor`) VALUES (14, 'S', 10);
REPLACE INTO `Precio` (`idProducto`, `diaSemana`, `valor`) VALUES (15, 'D', 1);
REPLACE INTO `Precio` (`idProducto`, `diaSemana`, `valor`) VALUES (15, 'L', 2);
REPLACE INTO `Precio` (`idProducto`, `diaSemana`, `valor`) VALUES (15, 'M', 3);
REPLACE INTO `Precio` (`idProducto`, `diaSemana`, `valor`) VALUES (15, 'X', 4);
REPLACE INTO `Precio` (`idProducto`, `diaSemana`, `valor`) VALUES (15, 'J', 5);
REPLACE INTO `Precio` (`idProducto`, `diaSemana`, `valor`) VALUES (15, 'V', 6);
REPLACE INTO `Precio` (`idProducto`, `diaSemana`, `valor`) VALUES (15, 'S', 7);
REPLACE INTO `Precio` (`idProducto`, `diaSemana`, `valor`) VALUES (16, 'D', 11);
REPLACE INTO `Precio` (`idProducto`, `diaSemana`, `valor`) VALUES (16, 'L', 21);
REPLACE INTO `Precio` (`idProducto`, `diaSemana`, `valor`) VALUES (16, 'M', 31);
REPLACE INTO `Precio` (`idProducto`, `diaSemana`, `valor`) VALUES (16, 'X', 41);
REPLACE INTO `Precio` (`idProducto`, `diaSemana`, `valor`) VALUES (16, 'J', 51);
REPLACE INTO `Precio` (`idProducto`, `diaSemana`, `valor`) VALUES (16, 'V', 61);
REPLACE INTO `Precio` (`idProducto`, `diaSemana`, `valor`) VALUES (16, 'S', 71);
REPLACE INTO `Precio` (`idProducto`, `diaSemana`, `valor`) VALUES (17, 'D', 100);
REPLACE INTO `Precio` (`idProducto`, `diaSemana`, `valor`) VALUES (17, 'L', 45);
REPLACE INTO `Precio` (`idProducto`, `diaSemana`, `valor`) VALUES (17, 'M', 45);
REPLACE INTO `Precio` (`idProducto`, `diaSemana`, `valor`) VALUES (17, 'X', 50);
REPLACE INTO `Precio` (`idProducto`, `diaSemana`, `valor`) VALUES (17, 'J', 45);
REPLACE INTO `Precio` (`idProducto`, `diaSemana`, `valor`) VALUES (17, 'V', 45);
REPLACE INTO `Precio` (`idProducto`, `diaSemana`, `valor`) VALUES (17, 'S', 200);
REPLACE INTO `Precio` (`idProducto`, `diaSemana`, `valor`) VALUES (18, 'D', 52);
REPLACE INTO `Precio` (`idProducto`, `diaSemana`, `valor`) VALUES (18, 'L', 45);
REPLACE INTO `Precio` (`idProducto`, `diaSemana`, `valor`) VALUES (18, 'V', 45);
REPLACE INTO `Precio` (`idProducto`, `diaSemana`, `valor`) VALUES (18, 'S', 66);
REPLACE INTO `Precio` (`idProducto`, `diaSemana`, `valor`) VALUES (19, 'M', 10);
REPLACE INTO `Precio` (`idProducto`, `diaSemana`, `valor`) VALUES (19, 'X', 10);
REPLACE INTO `Precio` (`idProducto`, `diaSemana`, `valor`) VALUES (19, 'J', 10);
REPLACE INTO `Precio` (`idProducto`, `diaSemana`, `valor`) VALUES (19, 'V', 10);
REPLACE INTO `Precio` (`idProducto`, `diaSemana`, `valor`) VALUES (19, 'S', 10);
REPLACE INTO `Precio` (`idProducto`, `diaSemana`, `valor`) VALUES (20, 'D', 100);
REPLACE INTO `Precio` (`idProducto`, `diaSemana`, `valor`) VALUES (20, 'L', 100);
REPLACE INTO `Precio` (`idProducto`, `diaSemana`, `valor`) VALUES (20, 'M', 100);
REPLACE INTO `Precio` (`idProducto`, `diaSemana`, `valor`) VALUES (20, 'X', 100);
REPLACE INTO `Precio` (`idProducto`, `diaSemana`, `valor`) VALUES (20, 'J', 100);
REPLACE INTO `Precio` (`idProducto`, `diaSemana`, `valor`) VALUES (20, 'V', 100);
REPLACE INTO `Precio` (`idProducto`, `diaSemana`, `valor`) VALUES (20, 'S', 200);
REPLACE INTO `Precio` (`idProducto`, `diaSemana`, `valor`) VALUES (21, 'D', 5);
REPLACE INTO `Precio` (`idProducto`, `diaSemana`, `valor`) VALUES (21, 'L', 5);
REPLACE INTO `Precio` (`idProducto`, `diaSemana`, `valor`) VALUES (21, 'J', 4);
REPLACE INTO `Precio` (`idProducto`, `diaSemana`, `valor`) VALUES (21, 'V', 7);
REPLACE INTO `Precio` (`idProducto`, `diaSemana`, `valor`) VALUES (21, 'S', 10);
REPLACE INTO `Precio` (`idProducto`, `diaSemana`, `valor`) VALUES (22, 'D', 1);
REPLACE INTO `Precio` (`idProducto`, `diaSemana`, `valor`) VALUES (22, 'L', 2);
REPLACE INTO `Precio` (`idProducto`, `diaSemana`, `valor`) VALUES (22, 'M', 3);
REPLACE INTO `Precio` (`idProducto`, `diaSemana`, `valor`) VALUES (22, 'X', 4);
REPLACE INTO `Precio` (`idProducto`, `diaSemana`, `valor`) VALUES (22, 'J', 5);
REPLACE INTO `Precio` (`idProducto`, `diaSemana`, `valor`) VALUES (22, 'V', 6);
REPLACE INTO `Precio` (`idProducto`, `diaSemana`, `valor`) VALUES (22, 'S', 7);
REPLACE INTO `Precio` (`idProducto`, `diaSemana`, `valor`) VALUES (23, 'D', 11);
REPLACE INTO `Precio` (`idProducto`, `diaSemana`, `valor`) VALUES (23, 'L', 21);
REPLACE INTO `Precio` (`idProducto`, `diaSemana`, `valor`) VALUES (23, 'M', 31);
REPLACE INTO `Precio` (`idProducto`, `diaSemana`, `valor`) VALUES (23, 'X', 41);
REPLACE INTO `Precio` (`idProducto`, `diaSemana`, `valor`) VALUES (23, 'J', 51);
REPLACE INTO `Precio` (`idProducto`, `diaSemana`, `valor`) VALUES (23, 'V', 61);
REPLACE INTO `Precio` (`idProducto`, `diaSemana`, `valor`) VALUES (23, 'S', 71);

INSERT INTO `Telefono` (`idCliente`, `numero`) VALUES (0, '156546-54651');
INSERT INTO `Telefono` (`idCliente`, `numero`) VALUES (0, '4529854-58458');
INSERT INTO `Telefono` (`idCliente`, `numero`) VALUES (1, '54-654654-64568');
INSERT INTO `Telefono` (`idCliente`, `numero`) VALUES (1, '89-536-556');
INSERT INTO `Telefono` (`idCliente`, `numero`) VALUES (2, '12-4556-4556');
INSERT INTO `Telefono` (`idCliente`, `numero`) VALUES (2, '82-9663589');
INSERT INTO `Telefono` (`idCliente`, `numero`) VALUES (2, '655-5685456-55263');
INSERT INTO `Telefono` (`idCliente`, `numero`) VALUES (3, '78-96-32');
INSERT INTO `Telefono` (`idCliente`, `numero`) VALUES (4, '7-965-5859');
INSERT INTO `Telefono` (`idCliente`, `numero`) VALUES (4, '8-5566-56-54556');
INSERT INTO `Telefono` (`idCliente`, `numero`) VALUES (4, '3-97452638-58');
INSERT INTO `Telefono` (`idCliente`, `numero`) VALUES (5, '9-9-552521');
INSERT INTO `Telefono` (`idCliente`, `numero`) VALUES (6, '564684-645634');
INSERT INTO `Telefono` (`idCliente`, `numero`) VALUES (6, '231231-89354');
INSERT INTO `Telefono` (`idCliente`, `numero`) VALUES (6, '645-6374');
INSERT INTO `Telefono` (`idCliente`, `numero`) VALUES (8, '214674-89774');
INSERT INTO `Telefono` (`idCliente`, `numero`) VALUES (9, '1564-654');
INSERT INTO `Telefono` (`idCliente`, `numero`) VALUES (9, '455241651');
INSERT INTO `Telefono` (`idCliente`, `numero`) VALUES (9, '54654564');

INSERT INTO `Tarjeta` (`idTarjeta` , `activada` , `foto` , `idCliente`) VALUES (0, false, 'dummy picture', 1); 
INSERT INTO `Tarjeta` (`idTarjeta` , `activada` , `foto` , `idCliente`) VALUES (1, true, 'dummy picture', 1); 
INSERT INTO `Tarjeta` (`idTarjeta` , `activada` , `foto` , `idCliente`) VALUES (2, true, 'dummy picture', 2); 
INSERT INTO `Tarjeta` (`idTarjeta` , `activada` , `foto` , `idCliente`) VALUES (3, false, 'dummy picture', 2); 
INSERT INTO `Tarjeta` (`idTarjeta` , `activada` , `foto` , `idCliente`) VALUES (4, true, 'dummy picture', 3); 
INSERT INTO `Tarjeta` (`idTarjeta` , `activada` , `foto` , `idCliente`) VALUES (5, false, 'dummy picture', 3); 
INSERT INTO `Tarjeta` (`idTarjeta` , `activada` , `foto` , `idCliente`) VALUES (6, true, 'dummy picture', 4); 
INSERT INTO `Tarjeta` (`idTarjeta` , `activada` , `foto` , `idCliente`) VALUES (7, false, 'dummy picture', 4);

INSERT INTO `DaAcceso` (`idTarjeta` , `idProducto`) VALUES (0 ,0);
INSERT INTO `DaAcceso` (`idTarjeta` , `idProducto`) VALUES (0 ,1);
INSERT INTO `DaAcceso` (`idTarjeta` , `idProducto`) VALUES (0 ,2);
INSERT INTO `DaAcceso` (`idTarjeta` , `idProducto`) VALUES (0 ,3);
INSERT INTO `DaAcceso` (`idTarjeta` , `idProducto`) VALUES (0 ,4);
INSERT INTO `DaAcceso` (`idTarjeta` , `idProducto`) VALUES (0 ,5);
INSERT INTO `DaAcceso` (`idTarjeta` , `idProducto`) VALUES (0 ,6);
INSERT INTO `DaAcceso` (`idTarjeta` , `idProducto`) VALUES (0 ,7);
INSERT INTO `DaAcceso` (`idTarjeta` , `idProducto`) VALUES (0 ,8);
INSERT INTO `DaAcceso` (`idTarjeta` , `idProducto`) VALUES (0 ,9);
INSERT INTO `DaAcceso` (`idTarjeta` , `idProducto`) VALUES (0 ,10);

INSERT INTO `DaAcceso` (`idTarjeta` , `idProducto`) VALUES (1 ,11);
INSERT INTO `DaAcceso` (`idTarjeta` , `idProducto`) VALUES (1 ,12);
INSERT INTO `DaAcceso` (`idTarjeta` , `idProducto`) VALUES (1 ,13);
INSERT INTO `DaAcceso` (`idTarjeta` , `idProducto`) VALUES (1 ,14);
INSERT INTO `DaAcceso` (`idTarjeta` , `idProducto`) VALUES (1 ,15);
INSERT INTO `DaAcceso` (`idTarjeta` , `idProducto`) VALUES (1 ,16);
INSERT INTO `DaAcceso` (`idTarjeta` , `idProducto`) VALUES (1 ,17);
INSERT INTO `DaAcceso` (`idTarjeta` , `idProducto`) VALUES (1 ,18);
INSERT INTO `DaAcceso` (`idTarjeta` , `idProducto`) VALUES (1 ,19);
INSERT INTO `DaAcceso` (`idTarjeta` , `idProducto`) VALUES (1 ,20);

INSERT INTO `DaAcceso` (`idTarjeta` , `idProducto`) VALUES (2 ,5);
INSERT INTO `DaAcceso` (`idTarjeta` , `idProducto`) VALUES (2 ,6);
INSERT INTO `DaAcceso` (`idTarjeta` , `idProducto`) VALUES (2 ,7);
INSERT INTO `DaAcceso` (`idTarjeta` , `idProducto`) VALUES (2 ,8);
INSERT INTO `DaAcceso` (`idTarjeta` , `idProducto`) VALUES (2 ,9);
INSERT INTO `DaAcceso` (`idTarjeta` , `idProducto`) VALUES (2 ,10);
INSERT INTO `DaAcceso` (`idTarjeta` , `idProducto`) VALUES (2 ,11);
INSERT INTO `DaAcceso` (`idTarjeta` , `idProducto`) VALUES (2 ,12);
INSERT INTO `DaAcceso` (`idTarjeta` , `idProducto`) VALUES (2 ,13);
INSERT INTO `DaAcceso` (`idTarjeta` , `idProducto`) VALUES (2 ,14);
INSERT INTO `DaAcceso` (`idTarjeta` , `idProducto`) VALUES (2 ,15);

INSERT INTO `DaAcceso` (`idTarjeta` , `idProducto`) VALUES (3 ,15);
INSERT INTO `DaAcceso` (`idTarjeta` , `idProducto`) VALUES (3 ,16);
INSERT INTO `DaAcceso` (`idTarjeta` , `idProducto`) VALUES (3 ,17);
INSERT INTO `DaAcceso` (`idTarjeta` , `idProducto`) VALUES (3 ,18);
INSERT INTO `DaAcceso` (`idTarjeta` , `idProducto`) VALUES (3 ,19);
INSERT INTO `DaAcceso` (`idTarjeta` , `idProducto`) VALUES (3 ,20);
INSERT INTO `DaAcceso` (`idTarjeta` , `idProducto`) VALUES (3 ,21);
INSERT INTO `DaAcceso` (`idTarjeta` , `idProducto`) VALUES (3 ,22);
INSERT INTO `DaAcceso` (`idTarjeta` , `idProducto`) VALUES (3 ,23);

INSERT INTO `DaAcceso` (`idTarjeta` , `idProducto`) VALUES (4 ,0);
INSERT INTO `DaAcceso` (`idTarjeta` , `idProducto`) VALUES (4 ,1);
INSERT INTO `DaAcceso` (`idTarjeta` , `idProducto`) VALUES (4 ,2);
INSERT INTO `DaAcceso` (`idTarjeta` , `idProducto`) VALUES (4 ,3);
INSERT INTO `DaAcceso` (`idTarjeta` , `idProducto`) VALUES (4 ,4);
INSERT INTO `DaAcceso` (`idTarjeta` , `idProducto`) VALUES (4 ,5);
INSERT INTO `DaAcceso` (`idTarjeta` , `idProducto`) VALUES (4 ,6);
INSERT INTO `DaAcceso` (`idTarjeta` , `idProducto`) VALUES (4 ,7);
INSERT INTO `DaAcceso` (`idTarjeta` , `idProducto`) VALUES (4 ,8);
INSERT INTO `DaAcceso` (`idTarjeta` , `idProducto`) VALUES (4 ,9);
INSERT INTO `DaAcceso` (`idTarjeta` , `idProducto`) VALUES (4 ,10);

INSERT INTO `DaAcceso` (`idTarjeta` , `idProducto`) VALUES (5 ,11);
INSERT INTO `DaAcceso` (`idTarjeta` , `idProducto`) VALUES (5 ,12);
INSERT INTO `DaAcceso` (`idTarjeta` , `idProducto`) VALUES (5 ,13);
INSERT INTO `DaAcceso` (`idTarjeta` , `idProducto`) VALUES (5 ,14);
INSERT INTO `DaAcceso` (`idTarjeta` , `idProducto`) VALUES (5 ,15);
INSERT INTO `DaAcceso` (`idTarjeta` , `idProducto`) VALUES (5 ,16);
INSERT INTO `DaAcceso` (`idTarjeta` , `idProducto`) VALUES (5 ,17);
INSERT INTO `DaAcceso` (`idTarjeta` , `idProducto`) VALUES (5 ,18);
INSERT INTO `DaAcceso` (`idTarjeta` , `idProducto`) VALUES (5 ,19);
INSERT INTO `DaAcceso` (`idTarjeta` , `idProducto`) VALUES (5 ,20);

INSERT INTO `DaAcceso` (`idTarjeta` , `idProducto`) VALUES (6 ,5);
INSERT INTO `DaAcceso` (`idTarjeta` , `idProducto`) VALUES (6 ,6);
INSERT INTO `DaAcceso` (`idTarjeta` , `idProducto`) VALUES (6 ,7);
INSERT INTO `DaAcceso` (`idTarjeta` , `idProducto`) VALUES (6 ,8);
INSERT INTO `DaAcceso` (`idTarjeta` , `idProducto`) VALUES (6 ,9);
INSERT INTO `DaAcceso` (`idTarjeta` , `idProducto`) VALUES (6 ,10);
INSERT INTO `DaAcceso` (`idTarjeta` , `idProducto`) VALUES (6 ,11);
INSERT INTO `DaAcceso` (`idTarjeta` , `idProducto`) VALUES (6 ,12);
INSERT INTO `DaAcceso` (`idTarjeta` , `idProducto`) VALUES (6 ,13);
INSERT INTO `DaAcceso` (`idTarjeta` , `idProducto`) VALUES (6 ,14);
INSERT INTO `DaAcceso` (`idTarjeta` , `idProducto`) VALUES (6 ,15);

INSERT INTO `DaAcceso` (`idTarjeta` , `idProducto`) VALUES (7 ,15);
INSERT INTO `DaAcceso` (`idTarjeta` , `idProducto`) VALUES (7 ,16);
INSERT INTO `DaAcceso` (`idTarjeta` , `idProducto`) VALUES (7 ,17);
INSERT INTO `DaAcceso` (`idTarjeta` , `idProducto`) VALUES (7 ,18);
INSERT INTO `DaAcceso` (`idTarjeta` , `idProducto`) VALUES (7 ,19);
INSERT INTO `DaAcceso` (`idTarjeta` , `idProducto`) VALUES (7 ,20);
INSERT INTO `DaAcceso` (`idTarjeta` , `idProducto`) VALUES (7 ,21);
INSERT INTO `DaAcceso` (`idTarjeta` , `idProducto`) VALUES (7 ,22);
INSERT INTO `DaAcceso` (`idTarjeta` , `idProducto`) VALUES (7 ,23);

INSERT INTO `PerteneceA` (`idTarjeta`, `nombreCategoria`, `fechaDesde`) VALUES (1, 'Silver','2017-12-30 00:00:00');
INSERT INTO `PerteneceA` (`idTarjeta`, `nombreCategoria`, `fechaDesde`) VALUES (1, 'Black','2016-12-30 00:00:00');
INSERT INTO `PerteneceA` (`idTarjeta`, `nombreCategoria`, `fechaDesde`) VALUES (2, 'Silver','2017-12-30 00:00:00');
INSERT INTO `PerteneceA` (`idTarjeta`, `nombreCategoria`, `fechaDesde`) VALUES (3, 'Silver','2017-12-30 00:00:00');
INSERT INTO `PerteneceA` (`idTarjeta`, `nombreCategoria`, `fechaDesde`) VALUES (4, 'Silver','2017-12-30 00:00:00');
INSERT INTO `PerteneceA` (`idTarjeta`, `nombreCategoria`, `fechaDesde`) VALUES (0, 'Silver','2017-12-30 00:00:00');

INSERT INTO `Factura` (`numero`, `fechaEmitida`, `fechaVencimiento`, `idTarjeta`) VALUES (1,'2018-03-01 00:00:00','2018-04-25 00:00:00',1);
INSERT INTO `Factura` (`numero`, `fechaEmitida`, `fechaVencimiento`, `idTarjeta`) VALUES (2,'2018-04-01 00:00:00','2018-04-25 00:00:00',1);
INSERT INTO `Factura` (`numero`, `fechaEmitida`, `fechaVencimiento`, `idTarjeta`) VALUES (3,'2018-05-04 00:00:00','2018-05-05 00:00:00',2);
INSERT INTO `Factura` (`numero`, `fechaEmitida`, `fechaVencimiento`, `idTarjeta`) VALUES (4,'2018-06-20 00:00:00','2018-04-28 00:00:00',3);
INSERT INTO `Factura` (`numero`, `fechaEmitida`, `fechaVencimiento`, `idTarjeta`) VALUES (5,'2018-07-02 00:00:00','2018-04-22 00:00:00',4);

INSERT INTO `Recibo` (`fecha`, `numero`) VALUES ('2018-04-25 00:00:00',1);

INSERT INTO `PoseeDescuento` (`nombreCategoria`, `idProducto`, `descuento`) VALUES ('Black',1,50);
INSERT INTO `PoseeDescuento` (`nombreCategoria`, `idProducto`, `descuento`) VALUES ('Black',2,50);
INSERT INTO `PoseeDescuento` (`nombreCategoria`, `idProducto`, `descuento`) VALUES ('Black',3,50);
INSERT INTO `PoseeDescuento` (`nombreCategoria`, `idProducto`, `descuento`) VALUES ('Black',4,50);
INSERT INTO `PoseeDescuento` (`nombreCategoria`, `idProducto`, `descuento`) VALUES ('Black',5,50);
INSERT INTO `PoseeDescuento` (`nombreCategoria`, `idProducto`, `descuento`) VALUES ('Black',6,50);
INSERT INTO `PoseeDescuento` (`nombreCategoria`, `idProducto`, `descuento`) VALUES ('Diamond',3,10);
INSERT INTO `PoseeDescuento` (`nombreCategoria`, `idProducto`, `descuento`) VALUES ('Silver',1,10);
INSERT INTO `PoseeDescuento` (`nombreCategoria`, `idProducto`, `descuento`) VALUES ('Silver',2,50);

INSERT INTO `Consumo` (`idConsumo` , `fechaYhora` , `importe` , `idTarjeta` , `idProducto` ) VALUES (6, '2018-04-01 00:00:00', 2000, 1, 11);
INSERT INTO `Consumo` (`idConsumo` , `fechaYhora` , `importe` , `idTarjeta` , `idProducto` ) VALUES (8, '2018-04-01 00:00:00', 2000, 1, 13);
INSERT INTO `Consumo` (`idConsumo` , `fechaYhora` , `importe` , `idTarjeta` , `idProducto` ) VALUES (9, '2018-04-01 00:00:00', 2000, 1, 14);
INSERT INTO `Consumo` (`idConsumo` , `fechaYhora` , `importe` , `idTarjeta` , `idProducto` ) VALUES (10, '2018-04-01 00:00:00', 2000, 1, 15);

INSERT INTO `Consumo` (`idConsumo` , `fechaYhora` , `importe` , `idTarjeta` , `idProducto` ) VALUES (11, '2018-03-01 00:00:00', 1000, 1, 11);
INSERT INTO `Consumo` (`idConsumo` , `fechaYhora` , `importe` , `idTarjeta` , `idProducto` ) VALUES (12, '2018-03-01 00:00:00', 1000, 1, 12);
INSERT INTO `Consumo` (`idConsumo` , `fechaYhora` , `importe` , `idTarjeta` , `idProducto` ) VALUES (13, '2018-03-01 00:00:00', 1000, 1, 13);
INSERT INTO `Consumo` (`idConsumo` , `fechaYhora` , `importe` , `idTarjeta` , `idProducto` ) VALUES (14, '2018-03-01 00:00:00', 1000, 1, 14);
INSERT INTO `Consumo` (`idConsumo` , `fechaYhora` , `importe` , `idTarjeta` , `idProducto` ) VALUES (15, '2018-03-01 00:00:00', 1000, 1, 15);

INSERT INTO `Consumo` (`idConsumo` , `fechaYhora` , `importe` , `idTarjeta` , `idProducto` ) VALUES (1, '2018-06-01 00:00:00', 100, 3, 15);
INSERT INTO `Consumo` (`idConsumo` , `fechaYhora` , `importe` , `idTarjeta` , `idProducto` ) VALUES (2, '2018-06-01 00:00:00', 100, 3, 22);
INSERT INTO `Consumo` (`idConsumo` , `fechaYhora` , `importe` , `idTarjeta` , `idProducto` ) VALUES (3, '2018-06-01 00:00:00', 100, 3, 21);
INSERT INTO `Consumo` (`idConsumo` , `fechaYhora` , `importe` , `idTarjeta` , `idProducto` ) VALUES (4, '2018-06-01 00:00:00', 100, 3, 16);
INSERT INTO `Consumo` (`idConsumo` , `fechaYhora` , `importe` , `idTarjeta` , `idProducto` ) VALUES (5, '2018-06-01 00:00:00', 100, 3, 17);

INSERT INTO `Consumo` (`idConsumo` , `fechaYhora` , `importe` , `idTarjeta` , `idProducto` ) VALUES (29, '2018-05-01 00:00:00', 300, 2, 5);
INSERT INTO `Consumo` (`idConsumo` , `fechaYhora` , `importe` , `idTarjeta` , `idProducto` ) VALUES (30, '2018-05-01 00:00:00', 300, 2, 5);
INSERT INTO `Consumo` (`idConsumo` , `fechaYhora` , `importe` , `idTarjeta` , `idProducto` ) VALUES (16, '2018-05-01 00:00:00', 300, 2, 5);
INSERT INTO `Consumo` (`idConsumo` , `fechaYhora` , `importe` , `idTarjeta` , `idProducto` ) VALUES (17, '2018-05-01 00:00:00', 300, 2, 6);
INSERT INTO `Consumo` (`idConsumo` , `fechaYhora` , `importe` , `idTarjeta` , `idProducto` ) VALUES (31, '2018-05-01 00:00:00', 300, 2, 6);
INSERT INTO `Consumo` (`idConsumo` , `fechaYhora` , `importe` , `idTarjeta` , `idProducto` ) VALUES (32, '2018-05-01 00:00:00', 300, 2, 6);
INSERT INTO `Consumo` (`idConsumo` , `fechaYhora` , `importe` , `idTarjeta` , `idProducto` ) VALUES (33, '2018-05-01 00:00:00', 300, 2, 6);
INSERT INTO `Consumo` (`idConsumo` , `fechaYhora` , `importe` , `idTarjeta` , `idProducto` ) VALUES (34, '2018-05-01 00:00:00', 300, 2, 6);
INSERT INTO `Consumo` (`idConsumo` , `fechaYhora` , `importe` , `idTarjeta` , `idProducto` ) VALUES (18, '2018-05-01 00:00:00', 300, 2, 7);
INSERT INTO `Consumo` (`idConsumo` , `fechaYhora` , `importe` , `idTarjeta` , `idProducto` ) VALUES (19, '2018-05-01 00:00:00', 300, 2, 8);
INSERT INTO `Consumo` (`idConsumo` , `fechaYhora` , `importe` , `idTarjeta` , `idProducto` ) VALUES (20, '2018-05-01 00:00:00', 300, 2, 9);

INSERT INTO `Consumo` (`idConsumo` , `fechaYhora` , `importe` , `idTarjeta` , `idProducto` ) VALUES (21, '2018-07-01 00:00:00', 300, 4, 1);
INSERT INTO `Consumo` (`idConsumo` , `fechaYhora` , `importe` , `idTarjeta` , `idProducto` ) VALUES (22, '2018-07-01 00:00:00', 300, 4, 2);
INSERT INTO `Consumo` (`idConsumo` , `fechaYhora` , `importe` , `idTarjeta` , `idProducto` ) VALUES (23, '2018-07-01 00:00:00', 300, 4, 3);
INSERT INTO `Consumo` (`idConsumo` , `fechaYhora` , `importe` , `idTarjeta` , `idProducto` ) VALUES (24, '2018-07-01 00:00:00', 300, 4, 4);
INSERT INTO `Consumo` (`idConsumo` , `fechaYhora` , `importe` , `idTarjeta` , `idProducto` ) VALUES (25, '2018-07-01 00:00:00', 300, 4, 5);
